{
	"format_version": "1.8.0",
	"animations": {
		"idle": {
			"loop": true,
			"animation_length": 3.58333,
			"bones": {
				"NormBody": {
					"rotation": {
						"vector": ["math.sin(query.anim_time*100)*5", 0, 0]
					}
				},
				"NormHead": {
					"rotation": {
						"vector": [0, "math.cos(query.anim_time*500)*20", "math.cos(query.anim_time*500)*20"]
					}
				},
				"NormArm": {
					"rotation": {
						"vector": ["math.cos(query.anim_time*100)*20", 0, 0]
					}
				},
				"Body": {
					"rotation": {
						"vector": ["math.sin(query.anim_time*200)*2", 0, 0]
					}
				}
			}
		},
		"walking": {
			"loop": true,
			"animation_length": 1,
			"bones": {
				"MogusBody": {
					"rotation": {
						"vector": [0, 0, 0]
					}
				},
				"NormBody": {
					"rotation": {
						"0.0": {
							"vector": [0, 0, -2.5]
						},
						"0.25": {
							"vector": [-2.4905, 0.21782, 2.49527]
						},
						"0.5": {
							"vector": [2.481, 0.43564, -2.50007]
						},
						"0.75": {
							"vector": [4.99521, 0.21823, -0.0095]
						},
						"1.0": {
							"vector": [-0.00479, 0.21823, -0.0095]
						}
					}
				},
				"NormHead": {
					"rotation": {
						"0.0": {
							"vector": [0, 0, 0]
						},
						"0.0417": {
							"vector": [5.23761, 4.97534, 0.44596]
						},
						"0.0833": {
							"vector": [0.01982, 4.98096, -2.0635]
						},
						"0.125": {
							"vector": [-2.70803, 7.36529, -4.68871]
						},
						"0.1667": {
							"vector": [2.27499, 2.36925, -4.88859]
						},
						"0.2083": {
							"vector": [2.4792, 4.65969, 0.21921]
						},
						"0.25": {
							"vector": [0.18292, 4.65615, 2.7275]
						},
						"0.2917": {
							"vector": [-2.31107, 2.15819, 2.82861]
						},
						"0.3333": {
							"vector": [-4.40036, 5.05165, 7.62003]
						},
						"0.375": {
							"vector": [-7.56213, 6.90225, 2.31749]
						},
						"0.4167": {
							"vector": [-10.52052, 8.91552, -0.61623]
						},
						"0.4583": {
							"vector": [-5.89573, 8.45093, -3.10117]
						},
						"0.5": {
							"vector": [-3.42114, 10.94651, -3.25195]
						},
						"0.5417": {
							"vector": [1.09406, 11.00483, -5.79784]
						},
						"0.5833": {
							"vector": [5.10371, 11.49297, -10.87151]
						},
						"0.625": {
							"vector": [10.15424, 13.98296, -10.64239]
						},
						"0.6667": {
							"vector": [12.03388, 14.51751, -13.16213]
						},
						"0.7083": {
							"vector": [16.39771, 15.23669, -15.63953]
						},
						"0.75": {
							"vector": [21.39771, 15.23669, -15.63953]
						},
						"0.7917": {
							"vector": [18.89771, 15.23669, -15.63953]
						},
						"0.8333": {
							"vector": [13.74851, 12.80907, -16.25515]
						},
						"0.875": {
							"vector": [7.07247, 9.74588, -11.48792]
						},
						"0.9167": {
							"vector": [2.25511, 4.6552, -9.16246]
						},
						"0.9583": {
							"vector": [-0.0554, 2.16831, -4.14822]
						},
						"1.0": {
							"vector": [0.13389, 2.16488, 0.85536]
						}
					}
				},
				"NormArm": {
					"rotation": {
						"0.0": {
							"vector": [0, 0, 0]
						},
						"0.25": {
							"vector": [-12.5, 0, 0]
						},
						"0.5": {
							"vector": [5, 0, 0]
						},
						"0.75": {
							"vector": [-12.5, 0, 0]
						},
						"1.0": {
							"vector": [0, 0, 0]
						}
					}
				},
				"MogusLeg": {
					"rotation": {
						"0.0": {
							"vector": [0, 0, 0]
						},
						"0.25": {
							"vector": [20, 0, 0]
						},
						"0.5": {
							"vector": [0, 0, 0]
						},
						"0.75": {
							"vector": [-25, 0, 0]
						},
						"1.0": {
							"vector": [0, 0, 0],
							"easing": "linear"
						}
					}
				},
				"NormLeg": {
					"rotation": {
						"0.0": {
							"vector": [0, 0, 0]
						},
						"0.25": {
							"vector": [-35, 0, 0]
						},
						"0.5": {
							"vector": [0, 0, 0]
						},
						"0.75": {
							"vector": [35, 0, 0]
						},
						"1.0": {
							"vector": [0, 0, 0]
						}
					}
				},
				"Body": {
					"rotation": {
						"0.0": {
							"vector": [0, 0, 0]
						},
						"0.25": {
							"vector": [-7.5, 0, 0]
						},
						"0.5": {
							"vector": [2.5, 0, 0]
						},
						"0.75": {
							"vector": [10, 0, 0]
						},
						"1.0": {
							"vector": [0, 0, 0]
						}
					}
				}
			}
		},
		"attack": {
			"loop": true,
			"animation_length": 0.5,
			"bones": {
				"NormLeg": {
					"rotation": {
						"0.0": {
							"vector": [0, 0, 0]
						},
						"0.25": {
							"vector": [-15.38152, -19.291, 15.91527]
						},
						"0.5": {
							"vector": [0, 0, 0]
						}
					}
				},
				"Body": {
					"relative_to": {
						"rotation": "entity"
					}
				},
				"MogusBody": {
					"rotation": {
						"0.0": {
							"vector": [0, 0, 0]
						},
						"0.25": {
							"vector": [12.5, -12.5, 0]
						},
						"0.5": {
							"vector": [0, 0, 0]
						}
					}
				},
				"NormBody": {
					"rotation": {
						"0.0": {
							"vector": [0, 0, 0]
						},
						"0.25": {
							"vector": [15.91527, -19.291, -5.38152]
						},
						"0.5": {
							"vector": [0, 0, 0]
						}
					}
				},
				"NormArm": {
					"rotation": {
						"0.0": {
							"vector": [0, 0, 0]
						},
						"0.25": {
							"vector": [-99.87977, 4.57149, 17.94224]
						},
						"0.375": {
							"vector": [-67.16924, -20.62879, -4.41275]
						},
						"0.5": {
							"vector": [0, 0, 0]
						}
					}
				},
				"Head": {
					"rotation": {
						"0.0": {
							"vector": [0, 0, 0]
						},
						"0.25": {
							"vector": [17.5, -10, 0]
						},
						"0.5": {
							"vector": [0, 0, 0]
						}
					}
				}
			}
		}
	},
	"geckolib_format_version": 2
}